,First Name Question, First Name Response, Last Name Question, Last Name Response,  Birth Date Question, Birth Date Response, Email Question, Email Response, Address Question, Address Response, Entry Term Question, Entry Term Response, Major Question, Major Response, GPA Question, GPA Response
1,Where, Check your government ID(eg passport or driver ID), Where, Check your government ID(eg. passport or driver ID), Where, Check your government ID(eg. passport or driver ID), Personal, Use your main email, Which, Your main address is fine, What, What year will you be attending this college?,Don't have a major, You can go in as undecided, What, GPA stands for Grade Point Average and it's a measure of a student's academic performance
2,Multiple, Use the first name that appears on your ID, Multiple, Use the last name that appears on your ID, Format, You can sumbit any format with month/date/year, Which Multiple, "Use the one that's most active", What, Put it in the format: house number/street/zip/code/state, Which, You can start in either the fall or spring, Undecided, Going in as undecided is perfectly fine, Requirement, Some colleges have a certain GPA requirement
3,Nickname, Use your legal name, Maiden, Put your legal last name, What, Your birthday is the legal record of your date of birth, Why, So you can be in contact, What if, Please put the address on your legal records, Difference, Spring means you will graduate later", BS, BS stands for bachelors in science, Scholarship, Some scholarships have a gpa requirement in order to be granted
4,Why, We need to be able to correctly identify you, Divorced, Put your legal last name, Why, We need to be able to correctly identify you, Don't want, We reccomend that you do so you can be in contact, Why, So we can verify your identity, Gap, You can take a gap year if you want, BA, BA stands for bachlors in arts, 4.0, A 4.0 gpa indicates that you have an A in all your classes
5,Don't, We recommend that you put your first name, Don't, We recommend that you put your last name, Don't, Check you government ID(eg. passport or driver ID), Don't have, Create your own email account on a free service, No, This is a required field, Late, Graduating later is not a bad thing, Class, "Usually the first semester, your classes are chosen for you", No, This is a required field